Feature,Importance
PC3,0.25116161937917514
PC4,0.2507615824790453
PC2,0.2500906846576878
PC1,0.24798611348409175
