Feature,Importance
PC2,0.25088522611883946
PC3,0.2506842454629875
PC1,0.24961470267291366
PC4,0.2488158257452595
